,p,i,q,P,D,Q,score
102,0,1,0,2,1,0,0.9509028082227219
208,0,2,1,2,1,0,0.9507415123542329
395,1,1,2,2,0,1,0.9501746804216262
387,1,1,2,1,0,2,0.9500916325992548
360,1,1,1,1,0,2,0.9497255899475299
314,1,0,2,2,0,1,0.9497096719656254
359,1,1,1,1,0,1,0.949517677449863
386,1,1,2,1,0,1,0.9494977751798832
528,2,0,1,1,2,2,0.9494867254778407
530,2,0,1,2,0,1,0.9494809152690509
312,1,0,2,1,2,2,0.9494541285411732
106,0,1,0,2,2,1,0.9494383199864443
548,2,0,2,1,0,1,0.9492567179720923
604,2,1,1,1,1,1,0.9492429804340743
8,0,0,0,0,2,2,0.9492420448808214
303,1,0,2,0,2,2,0.9492063491012537
596,2,1,1,0,1,2,0.9491985948140093
399,1,1,2,2,1,2,0.949155646304861
389,1,1,2,1,1,1,0.9491528181471608
519,2,0,1,0,2,2,0.9491453382484012
605,2,1,1,1,1,2,0.9491445400723165
613,2,1,1,2,1,2,0.9491374677324225
363,1,1,1,1,1,2,0.9491205563220276
546,2,0,2,0,2,2,0.949115702385278
639,2,1,2,2,1,2,0.9490753854928075
381,1,1,2,0,1,2,0.9490702773443599
631,2,1,2,1,1,2,0.9490460606162194
610,2,1,1,2,0,1,0.9490325302886691
510,2,0,0,2,2,2,0.9489652116492713
62,0,0,2,0,2,2,0.9489573073973864
154,0,1,2,2,0,1,0.9489332393615584
321,1,0,2,2,2,2,0.9489278393303451
601,2,1,1,1,0,1,0.9489038849640687
249,1,0,0,0,2,2,0.9488787721397686
551,2,0,2,1,1,1,0.948870423410505
380,1,1,2,0,1,1,0.9488671945452658
343,1,1,0,2,1,0,0.9488332846155668
146,0,1,2,1,0,2,0.9488311004448452
700,2,2,2,0,1,2,0.9488100959011252
276,1,0,1,0,2,2,0.948796474150819
390,1,1,2,1,1,2,0.9487953847951145
492,2,0,0,0,2,2,0.9487949309490991
440,1,2,1,1,0,1,0.9487927181480303
560,2,0,2,2,1,2,0.9487719963364711
612,2,1,1,2,1,1,0.9487507978166706
451,1,2,1,2,1,0,0.9487286644147134
595,2,1,1,0,1,1,0.9487265872127779
543,2,0,2,0,1,2,0.9486967546579782
35,0,0,1,0,2,2,0.948663256979076
552,2,0,2,1,1,2,0.948653220820242
398,1,1,2,2,1,1,0.9486477268188347
362,1,1,1,1,1,1,0.9486168078314176
368,1,1,1,2,0,1,0.9485920727629302
119,0,1,1,1,0,2,0.9485726069095137
555,2,0,2,1,2,2,0.9485375654827704
630,2,1,2,1,1,1,0.9485326582119538
542,2,0,2,0,1,1,0.9484793950025607
521,2,0,1,1,0,1,0.9484398666980914
559,2,0,2,2,1,1,0.9484236906818131
602,2,1,1,1,0,2,0.9484150009026227
622,2,1,2,0,1,2,0.9484091497400368
372,1,1,1,2,1,2,0.9483835928899175
354,1,1,1,0,1,2,0.9483676764403242
449,1,2,1,2,0,1,0.9483379141958213
285,1,0,1,1,2,2,0.9482964101776814
441,1,2,1,1,0,2,0.9482189309958541
501,2,0,0,1,2,2,0.948141364452522
531,2,0,1,2,0,2,0.9480941978178614
371,1,1,1,2,1,1,0.9480744401499951
708,2,2,2,1,1,2,0.9479923212985968
638,2,1,2,2,1,1,0.9479920950426326
315,1,0,2,2,0,2,0.9479816855711454
71,0,0,2,1,2,2,0.9479499625863269
80,0,0,2,2,2,2,0.9478972429815669
705,2,2,2,1,0,2,0.9478664243103023
563,2,0,2,2,2,2,0.9478482736980757
341,1,1,0,2,0,1,0.947792121524445
347,1,1,0,2,2,1,0.947779739575401
342,1,1,0,2,0,2,0.9477447411183946
17,0,0,0,1,2,2,0.9477260867297862
26,0,0,0,2,2,2,0.9477038290370859
258,1,0,0,1,2,2,0.9477033979532936
267,1,0,0,2,2,2,0.9476648316160523
714,2,2,2,2,1,1,0.9475615841199285
525,2,0,1,1,1,2,0.947557298349848
326,1,1,0,0,1,1,0.9475340310564435
44,0,0,1,1,2,2,0.9475089989215253
53,0,0,1,2,2,2,0.9474738446730507
306,1,0,2,1,0,2,0.9474632561383168
127,0,1,1,2,0,1,0.9474608674240451
345,1,1,0,2,1,2,0.9474166860099013
332,1,1,0,1,0,1,0.9474130850912562
333,1,1,0,1,0,2,0.947404775547805
515,2,0,1,0,1,1,0.9473944066591217
444,1,2,1,1,1,2,0.9473470679451816
434,1,2,1,0,1,1,0.9473412487860386
4,0,0,0,0,1,1,0.9473085424012204
516,2,0,1,0,1,2,0.9472575614699028
335,1,1,0,1,1,1,0.9472028163216503
534,2,0,1,2,1,2,0.9471952112340893
327,1,1,0,0,1,2,0.9471791172293087
336,1,1,0,1,1,2,0.9471738582439351
524,2,0,1,1,1,1,0.9471679789709744
10,0,0,0,1,0,1,0.9471336202762879
212,0,2,1,2,2,1,0.9470864065875801
344,1,1,0,2,1,1,0.9470699554761067
533,2,0,1,2,1,1,0.9470150046475955
453,1,2,1,2,1,2,0.94696271158202
443,1,2,1,1,1,1,0.946960421064532
11,0,0,0,1,0,2,0.9469448838456632
435,1,2,1,0,1,2,0.9469416460122949
366,1,1,1,1,2,2,0.9469174075246299
13,0,0,0,1,1,1,0.9468748424511059
452,1,2,1,2,1,1,0.9468582833745528
608,2,1,1,1,2,2,0.9468423973342109
23,0,0,0,2,1,2,0.9468335137182808
522,2,0,1,1,0,2,0.9468252824363147
634,2,1,2,1,2,2,0.9468039426174998
294,1,0,1,2,2,2,0.9467437117363015
160,0,1,2,2,2,2,0.94673597524448
305,1,0,2,1,0,1,0.9467236206659694
375,1,1,1,2,2,2,0.9467123026742092
5,0,0,0,0,1,2,0.9466900669378133
616,2,1,1,2,2,2,0.9466747201753996
14,0,0,0,1,1,2,0.9466580705302675
20,0,0,0,2,0,2,0.946611143863015
711,2,2,2,1,2,2,0.9464744340296115
19,0,0,0,2,0,1,0.9464709500172521
353,1,1,1,0,1,1,0.9464191637755471
143,0,1,2,0,2,2,0.9463493864505921
402,1,1,2,2,2,2,0.9462855574187277
357,1,1,1,0,2,2,0.9462810168412462
642,2,1,2,2,2,2,0.9462417489299084
22,0,0,0,2,1,1,0.9462291950780897
599,2,1,1,0,2,2,0.9462284894635364
625,2,1,2,0,2,2,0.946206211155989
299,1,0,2,0,1,1,0.9461186249411152
557,2,0,2,2,0,2,0.945947705462804
64,0,0,2,1,0,1,0.945850695564055
31,0,0,1,0,1,1,0.9457987948513752
549,2,0,2,1,0,2,0.9457078381422716
317,1,0,2,2,1,1,0.9456259326953473
318,1,0,2,2,1,2,0.9455907842209064
621,2,1,2,0,1,1,0.9455637012785242
47,0,0,1,2,0,2,0.9455376751119181
494,2,0,0,1,0,1,0.9455164250124501
38,0,0,1,1,0,2,0.9455051294309762
58,0,0,2,0,1,1,0.9454306800625464
309,1,0,2,1,1,2,0.945413098834116
300,1,0,2,0,1,2,0.9454078813671487
308,1,0,2,1,1,1,0.9453855250119877
50,0,0,1,2,1,2,0.9453743851091756
40,0,0,1,1,1,1,0.9453723275091158
46,0,0,1,2,0,1,0.9452924179598557
32,0,0,1,0,1,2,0.9452753999971436
41,0,0,1,1,1,2,0.945232545047087
152,0,1,2,1,2,2,0.9451835492059724
251,1,0,0,1,0,1,0.9451773581014309
245,1,0,0,0,1,1,0.9451345942775801
37,0,0,1,1,0,1,0.945071501177252
260,1,0,0,2,0,1,0.94505686900008
65,0,0,2,1,0,2,0.9450131588669652
77,0,0,2,2,1,2,0.9448768190428941
67,0,0,2,1,1,1,0.9448728230765804
49,0,0,1,2,1,1,0.9448285833040151
59,0,0,2,0,1,2,0.9447876519895765
537,2,0,1,2,2,2,0.9447805020999236
68,0,0,2,1,1,2,0.9447576803323638
287,1,0,1,2,0,1,0.944741653977845
252,1,0,0,1,0,2,0.9447334506391721
503,2,0,0,2,0,1,0.9447188599876334
450,1,2,1,2,0,2,0.944700992779336
264,1,0,0,2,1,2,0.9446514807481624
254,1,0,0,1,1,1,0.9446413958497927
199,0,2,1,1,0,2,0.9445889372149959
73,0,0,2,2,0,1,0.944568290543149
246,1,0,0,0,1,2,0.9445614085598595
255,1,0,0,1,1,2,0.944528705714288
74,0,0,2,2,0,2,0.9445261782183556
488,2,0,0,0,1,1,0.9444650701193558
76,0,0,2,2,1,1,0.9444302456005774
261,1,0,0,2,0,2,0.9444222125918155
288,1,0,1,2,0,2,0.9441902304045621
263,1,0,0,2,1,1,0.944180185695057
369,1,1,1,2,0,2,0.944150657393145
140,0,1,2,0,1,2,0.9441324098928607
148,0,1,2,1,1,1,0.9439981751241978
149,0,1,2,1,1,2,0.9438000025507625
507,2,0,0,2,1,2,0.9437178866782405
157,0,1,2,2,1,2,0.9437156534610205
497,2,0,0,1,1,1,0.9437073176726796
489,2,0,0,0,1,2,0.9436354820366324
498,2,0,0,1,1,2,0.9436244692028789
504,2,0,0,2,0,2,0.9435355072230001
330,1,1,0,0,2,2,0.9434470641213886
279,1,0,1,1,0,2,0.9434273497504189
506,2,0,0,2,1,1,0.9433812716841387
471,1,2,2,1,1,2,0.9431475449388038
156,0,1,2,2,1,1,0.9430502230294702
468,1,2,2,1,0,2,0.9429377967482975
339,1,1,0,1,2,2,0.9428161790992453
348,1,1,0,2,2,2,0.9427885710846559
455,1,2,1,2,2,1,0.9427011295608956
316,1,0,2,2,1,0,0.9426627229680613
712,2,2,2,2,0,2,0.9426604804975651
558,2,0,2,2,1,0,0.9426577430636103
532,2,0,1,2,1,0,0.9426219929164206
637,2,1,2,2,1,0,0.9424997729333596
461,1,2,2,0,1,1,0.9424495497811998
289,1,0,1,2,1,0,0.9424492722066384
272,1,0,1,0,1,1,0.9422992256670821
198,0,2,1,1,0,1,0.942273535677899
462,1,2,2,0,1,2,0.9419359097130644
278,1,0,1,1,0,1,0.941891141145372
505,2,0,0,2,1,0,0.9417236031624528
262,1,0,0,2,1,0,0.9415324994128169
75,0,0,2,2,1,0,0.9415018595664851
48,0,0,1,2,1,0,0.9414526660028049
21,0,0,0,2,1,0,0.9413160163812127
139,0,1,2,0,1,1,0.9411851445151364
541,2,0,2,0,1,0,0.9407581839313486
715,2,2,2,2,1,2,0.9406658415307968
699,2,2,2,0,1,1,0.9404150502362406
291,1,0,1,2,1,2,0.9403926449661169
281,1,0,1,1,1,1,0.940341289203216
282,1,0,1,1,1,2,0.9403192054669065
273,1,0,1,0,1,2,0.940296863303561
290,1,0,1,2,1,1,0.9402689339701862
584,2,1,0,2,0,2,0.9398910048467316
568,2,1,0,0,1,1,0.9398313807134483
193,0,2,1,0,1,2,0.9394770646372429
201,0,2,1,1,1,1,0.9394716920841084
209,0,2,1,2,1,1,0.9392951922870498
210,0,2,1,2,1,2,0.9392862917708373
192,0,2,1,0,1,1,0.9392383450258485
438,1,2,1,0,2,2,0.9392021461766613
225,0,2,2,1,0,2,0.9391880077119099
545,2,0,2,0,2,1,0.9391853841650981
202,0,2,1,1,1,2,0.9389677291654916
91,0,1,0,1,0,1,0.938910280903737
112,0,1,1,0,1,1,0.938806319553739
92,0,1,0,1,0,2,0.9388051844475922
121,0,1,1,1,1,1,0.9387985680504826
113,0,1,1,0,1,2,0.9387586566531265
100,0,1,0,2,0,1,0.9387521546849615
586,2,1,0,2,1,1,0.9386649564807308
122,0,1,1,1,1,2,0.9386539836611179
397,1,1,2,2,1,0,0.938653196740517
447,1,2,1,1,2,2,0.9386487216725197
587,2,1,0,2,1,2,0.9385898893121126
393,1,1,2,1,2,2,0.9385763323917444
578,2,1,0,1,1,2,0.9385691078085235
574,2,1,0,1,0,1,0.9385686380361653
200,0,2,1,1,1,0,0.9385611332894562
101,0,1,0,2,0,2,0.9384924690729843
569,2,1,0,0,1,2,0.938487357040302
125,0,1,1,1,2,2,0.9384860883101275
577,2,1,0,1,1,1,0.9384338662567522
130,0,1,1,2,1,1,0.9384297496859771
97,0,1,0,1,2,1,0.9383514311716908
131,0,1,1,2,1,2,0.9383292679143367
134,0,1,1,2,2,2,0.9382110566652453
456,1,2,1,2,2,2,0.9381384200795755
320,1,0,2,2,2,1,0.9380530897980577
562,2,0,2,2,2,1,0.9380162095430019
128,0,1,1,2,0,2,0.9380082277293166
536,2,0,1,2,2,1,0.9379816964710262
207,0,2,1,2,0,1,0.9379013466772629
575,2,1,0,1,0,2,0.9378867381154262
583,2,1,0,2,0,1,0.9377700418473879
293,1,0,1,2,2,1,0.9377322892736003
611,2,1,1,2,1,0,0.9376769933987625
480,1,2,2,2,1,2,0.9376765643587308
680,2,2,1,1,0,1,0.9376484445220438
636,2,1,2,2,0,1,0.9375669663661567
116,0,1,1,0,2,2,0.9375274142965413
384,1,1,2,0,2,2,0.9374852973502286
370,1,1,1,2,1,0,0.9374141810223767
237,0,2,2,2,1,2,0.9374074318074598
227,0,2,2,1,1,1,0.9373526784418273
228,0,2,2,1,1,2,0.9373065901153599
155,0,1,2,2,1,0,0.937299733766416
219,0,2,2,0,1,2,0.9372769416126228
550,2,0,2,1,1,0,0.9372430138301264
681,2,2,1,1,0,2,0.937238182342111
674,2,2,1,0,1,1,0.9371664444738079
218,0,2,2,0,1,1,0.9371531040428256
713,2,2,2,2,1,0,0.9370504777837481
509,2,0,0,2,2,1,0.9368266713590585
266,1,0,0,2,2,1,0.9366079601611672
236,0,2,2,2,1,1,0.936562366350105
79,0,0,2,2,2,1,0.9365454588341146
52,0,0,1,2,2,1,0.9364968552896
495,2,0,0,1,0,2,0.9364934593779212
467,1,2,2,1,0,1,0.9364555194992159
86,0,1,0,0,1,2,0.9362462893712076
94,0,1,0,1,1,1,0.9362415423737129
627,2,1,2,1,0,1,0.9362346429654798
103,0,1,0,2,1,1,0.9362339682404699
25,0,0,0,2,2,1,0.9361814368063642
641,2,1,2,2,2,1,0.9361515023335084
85,0,1,0,0,1,1,0.9361449702971839
104,0,1,0,2,1,2,0.9360666672382494
95,0,1,0,1,1,2,0.9358919316838527
479,1,2,2,2,1,1,0.9356326439214172
690,2,2,1,2,1,1,0.935594171168798
628,2,1,2,1,0,2,0.9355931493143825
93,0,1,0,1,1,0,0.9354153281780566
684,2,2,1,1,1,2,0.935400877617171
240,0,2,2,2,2,2,0.9353575515447552
691,2,2,1,2,1,2,0.9353029087936482
675,2,2,1,0,1,2,0.9352886210861844
683,2,2,1,1,1,1,0.9351782419839597
470,1,2,2,1,1,1,0.9339195000833362
707,2,2,2,1,1,1,0.9333279068316712
222,0,2,2,0,2,2,0.9331807136233689
45,0,0,1,2,0,0,0.9330726042563278
259,1,0,0,2,0,0,0.9329940753907264
286,1,0,1,2,0,0,0.9329909952409514
529,2,0,1,2,0,0,0.9329751642159823
313,1,0,2,2,0,0,0.9329694240061328
72,0,0,2,2,0,0,0.9329332903998456
18,0,0,0,2,0,0,0.9329125628516414
502,2,0,0,2,0,0,0.9326972809801434
572,2,1,0,0,2,2,0.9321289786725349
280,1,0,1,1,1,0,0.9317792924326327
523,2,0,1,1,1,0,0.931768234491144
307,1,0,2,1,1,0,0.9317640022135858
556,2,0,2,2,0,0,0.9314841760366704
585,2,1,0,2,1,0,0.9313562784787188
478,1,2,2,2,1,0,0.9313190962032851
629,2,1,2,1,1,0,0.9312577265432986
615,2,1,1,2,2,1,0.9310941819077669
401,1,1,2,2,2,1,0.9309829816341801
231,0,2,2,1,2,2,0.9309059058016577
496,2,0,0,1,1,0,0.9306713522895007
374,1,1,1,2,2,1,0.9306696640267103
159,0,1,2,2,2,1,0.9305318693800405
66,0,0,2,1,1,0,0.9301744754398347
253,1,0,0,1,1,0,0.9301575904688106
388,1,1,2,1,1,0,0.9301494881423177
39,0,0,1,1,1,0,0.9299788587925709
590,2,1,0,2,2,2,0.9299356075484121
12,0,0,0,1,1,0,0.9298179533033316
581,2,1,0,1,2,2,0.9298127749473056
678,2,2,1,0,2,2,0.9287652893175342
689,2,2,1,2,1,0,0.9283292067159146
476,1,2,2,2,0,1,0.9277765966310074
717,2,2,2,2,2,1,0.9272871020292437
589,2,1,0,2,2,1,0.9268531160856661
392,1,1,2,1,2,1,0.9267609283223069
603,2,1,1,1,1,0,0.9265225334574956
226,0,2,2,1,1,0,0.9264353824664663
284,1,0,1,1,2,1,0.9261266668792809
527,2,0,1,1,2,1,0.9261108726284127
311,1,0,2,1,2,1,0.9261063372500153
633,2,1,2,1,2,1,0.9260799609947594
361,1,1,1,1,1,0,0.9258689466664145
235,0,2,2,2,1,0,0.9257083061944037
703,2,2,2,0,2,2,0.9256733235423993
687,2,2,1,1,2,2,0.9256378531917637
147,0,1,2,1,1,0,0.9256289676064144
554,2,0,2,1,2,1,0.9255114674770276
500,2,0,0,1,2,1,0.9248312878351285
474,1,2,2,1,2,2,0.924753510048027
475,1,2,2,2,0,0,0.9246219133035206
694,2,2,1,2,2,2,0.9243755759989654
133,0,1,1,2,2,1,0.9243553926946935
257,1,0,0,1,2,1,0.924250740210738
70,0,0,2,1,2,1,0.924245771996704
43,0,0,1,1,2,1,0.9240192458561656
16,0,0,0,1,2,1,0.9236438622051752
469,1,2,2,1,1,0,0.9234886369584792
234,0,2,2,2,0,2,0.9232102462464273
465,1,2,2,0,2,2,0.9230013847504972
124,0,1,1,1,2,1,0.9229529525991892
84,0,1,0,0,1,0,0.9226996914768102
271,1,0,1,0,1,0,0.9224252686555409
514,2,0,1,0,1,0,0.9224231945715533
298,1,0,2,0,1,0,0.9224170641586946
129,0,1,1,2,1,0,0.9222511601677645
195,0,2,1,0,2,1,0.9221488502154596
107,0,1,0,2,2,2,0.9220646513143089
232,0,2,2,2,0,0,0.9217607096036026
89,0,1,0,0,2,2,0.9214489863692789
607,2,1,1,1,2,1,0.9210882304266151
718,2,2,2,2,2,2,0.9209814643665637
120,0,1,1,1,1,0,0.9208014955090756
487,2,0,0,0,1,0,0.920570553556455
153,0,1,2,2,0,0,0.9204295314795686
365,1,1,1,1,2,1,0.9202619800288292
57,0,0,2,0,1,0,0.9200970179461814
151,0,1,2,1,2,1,0.9200052282852987
244,1,0,0,0,1,0,0.9198246224516737
3,0,0,0,0,1,0,0.9198011235845096
693,2,2,1,2,2,1,0.9197398536422006
30,0,0,1,0,1,0,0.919678844336325
98,0,1,0,1,2,2,0.919622125960358
191,0,2,1,0,1,0,0.9194387040524197
367,1,1,1,2,0,0,0.9192551737804046
620,2,1,2,0,1,0,0.9192204628152949
635,2,1,2,2,0,0,0.9191522045088986
394,1,1,2,2,0,0,0.9188603015985203
230,0,2,2,1,2,1,0.9188087820965275
609,2,1,1,2,0,0,0.9186471852702456
379,1,1,2,0,1,0,0.9185880620116413
204,0,2,1,1,2,1,0.9184106126609294
239,0,2,2,2,2,1,0.9169418701696928
275,1,0,1,0,2,1,0.9165094382582342
594,2,1,1,0,1,0,0.9164879833236677
518,2,0,1,0,2,1,0.9164863687444929
302,1,0,2,0,2,1,0.9164714153672348
483,1,2,2,2,2,2,0.9164073696252709
547,2,0,2,1,0,0,0.9163561467265573
9,0,0,0,1,0,0,0.9162835591956532
624,2,1,2,0,2,1,0.916240775793291
383,1,1,2,0,2,1,0.9157077886115533
352,1,1,1,0,1,0,0.9155538328856909
111,0,1,1,0,1,0,0.9154386123786377
138,0,1,2,0,1,0,0.9153768996885806
88,0,1,0,0,2,1,0.9153311406938718
491,2,0,0,0,2,1,0.9144263403058204
61,0,0,2,0,2,1,0.9138891376751176
248,1,0,0,0,2,1,0.9135933531776471
34,0,0,1,0,2,1,0.9134070658195872
7,0,0,0,0,2,1,0.9133654244793197
598,2,1,1,0,2,1,0.9130979078360073
36,0,0,1,1,0,0,0.9121415648403245
356,1,1,1,0,2,1,0.9120704591104186
115,0,1,1,0,2,1,0.9120130227840227
142,0,1,2,0,2,1,0.9118702987593905
217,0,2,2,0,1,0,0.9105696138119735
250,1,0,0,1,0,0,0.9099338742131169
448,1,2,1,2,0,0,0.9092483851314456
63,0,0,2,1,0,0,0.9092003508088252
460,1,2,2,0,1,0,0.9091983098996339
334,1,1,0,1,1,0,0.9086938435700622
442,1,2,1,1,1,0,0.907744588714891
340,1,1,0,2,0,0,0.9075416952777491
338,1,1,0,1,2,1,0.9075224324532896
126,0,1,1,2,0,0,0.9051003186290482
221,0,2,2,0,2,1,0.9048410705409788
493,2,0,0,1,0,0,0.9048100141896778
473,1,2,2,1,2,1,0.9044011554023428
482,1,2,2,2,2,1,0.9033561792384607
277,1,0,1,1,0,0,0.9028196482118517
304,1,0,2,1,0,0,0.9026333324639813
213,0,2,1,2,2,2,0.8997322549246354
196,0,2,1,0,2,2,0.8982113583550677
582,2,1,0,2,0,0,0.8979142546178686
205,0,2,1,1,2,2,0.8970022916446178
688,2,2,1,2,0,0,0.8965297928141196
117,0,1,1,1,0,0,0.8907624226561681
385,1,1,2,1,0,0,0.8902693822879676
446,1,2,1,1,2,1,0.8880380970182129
144,0,1,2,1,0,0,0.8798373677407786
464,1,2,2,0,2,1,0.8795015202158992
477,1,2,2,2,0,2,0.8759441120901746
520,2,0,1,1,0,0,0.8757085804531023
358,1,1,1,1,0,0,0.8753126049960768
223,0,2,2,1,0,0,0.874724001353045
626,2,1,2,1,0,0,0.8737930221573369
600,2,1,1,1,0,0,0.8720162577080854
679,2,2,1,1,0,0,0.8680268189581533
325,1,1,0,0,1,0,0.866559665476891
573,2,1,0,1,0,0,0.8663839345643736
329,1,1,0,0,2,1,0.8663026573437219
706,2,2,2,1,1,0,0.8662951981324818
433,1,2,1,0,1,0,0.8654625467621979
466,1,2,2,1,0,0,0.8610345792271714
576,2,1,0,1,1,0,0.8550738247402596
580,2,1,0,1,2,1,0.8478717673709282
682,2,2,1,1,1,0,0.8470761323827415
710,2,2,2,1,2,1,0.8429235480319784
704,2,2,2,1,0,0,0.8375511549374491
437,1,2,1,0,2,1,0.8347508209056294
686,2,2,1,1,2,1,0.8268351013947675
567,2,1,0,0,1,0,0.8195132911546574
571,2,1,0,0,2,1,0.8125834673200546
544,2,0,2,0,2,0,0.8125008197175233
673,2,2,1,0,1,0,0.8110433723125384
105,0,1,0,2,2,0,0.8053741905278031
211,0,2,1,2,2,0,0.8031146936328386
618,2,1,2,0,0,1,0.7946524693410721
619,2,1,2,0,0,2,0.786998511866679
617,2,1,2,0,0,0,0.7859307215323031
677,2,2,1,0,2,1,0.7848125100914132
698,2,2,2,0,1,0,0.7759352300832048
439,1,2,1,1,0,0,0.7718225492524506
331,1,1,0,1,0,0,0.7695970693948043
400,1,1,2,2,2,0,0.7651759684755871
640,2,1,2,2,2,0,0.7651369621867956
292,1,0,1,2,2,0,0.7602231583541286
535,2,0,1,2,2,0,0.7595868331383919
319,1,0,2,2,2,0,0.759392484341594
614,2,1,1,2,2,0,0.7560632107860649
508,2,0,0,2,2,0,0.7538689431688014
373,1,1,1,2,2,0,0.7527525512093749
206,0,2,1,2,0,0,0.7526143829096735
158,0,1,2,2,2,0,0.752130703107705
78,0,0,2,2,2,0,0.7517715562082656
24,0,0,0,2,2,0,0.7508059433477923
265,1,0,0,2,2,0,0.750768694066952
51,0,0,1,2,2,0,0.7501552199337328
561,2,0,2,2,2,0,0.7496025869040501
132,0,1,1,2,2,0,0.747576466339639
238,0,2,2,2,2,0,0.7473665150331892
99,0,1,0,2,0,0,0.7463621394810489
651,2,2,0,0,2,2,0.7439889884095134
702,2,2,2,0,2,1,0.7378846364195153
481,1,2,2,2,2,0,0.7320455246579953
346,1,1,0,2,2,0,0.7187331978852172
454,1,2,1,2,2,0,0.7090262966351848
660,2,2,0,1,2,2,0.6700798754268118
553,2,0,2,1,2,0,0.6538684174737825
669,2,2,0,2,2,2,0.6462709303226873
588,2,1,0,2,2,0,0.6361493370998872
716,2,2,2,2,2,0,0.6342987926837667
692,2,2,1,2,2,0,0.6322814961871541
283,1,0,1,1,2,0,0.6188580022682604
526,2,0,1,1,2,0,0.6177095228372766
310,1,0,2,1,2,0,0.6170776939426057
391,1,1,2,1,2,0,0.6169614915920745
632,2,1,2,1,2,0,0.6160404932256053
606,2,1,1,1,2,0,0.6156493099946665
123,0,1,1,1,2,0,0.6131403712926036
472,1,2,2,1,2,0,0.6124573946806504
499,2,0,0,1,2,0,0.6122451928135657
364,1,1,1,1,2,0,0.6122036066975454
229,0,2,2,1,2,0,0.6117950655015832
150,0,1,2,1,2,0,0.6116636445872314
69,0,0,2,1,2,0,0.6095833782409978
15,0,0,0,1,2,0,0.6094840851664431
256,1,0,0,1,2,0,0.6087378193956793
42,0,0,1,1,2,0,0.608144876510194
96,0,1,0,1,2,0,0.5890014490065205
203,0,2,1,1,2,0,0.5603396041063043
274,1,0,1,0,2,0,0.5484713548880622
517,2,0,1,0,2,0,0.5484203353369084
301,1,0,2,0,2,0,0.5483008584694913
220,0,2,2,0,2,0,0.5476245163163428
597,2,1,1,0,2,0,0.5472735023659697
114,0,1,1,0,2,0,0.5470846306436299
355,1,1,1,0,2,0,0.5467923183788795
141,0,1,2,0,2,0,0.5466029633598786
463,1,2,2,0,2,0,0.5460157970174476
60,0,0,2,0,2,0,0.5449671277135302
490,2,0,0,0,2,0,0.5448165070981361
6,0,0,0,0,2,0,0.5445142355716244
247,1,0,0,0,2,0,0.5442002981555341
33,0,0,1,0,2,0,0.5440040490728679
623,2,1,2,0,2,0,0.5391866651289321
382,1,1,2,0,2,0,0.5389415424846631
570,2,1,0,0,2,0,0.3708159474589289
676,2,2,1,0,2,0,0.3533326241239252
328,1,1,0,0,2,0,0.26748701481604886
436,1,2,1,0,2,0,0.23613077642131053
647,2,2,0,0,1,1,0.22542858687200562
653,2,2,0,1,0,1,0.1512291220826829
90,0,1,0,1,0,0,0.14879165126849025
701,2,2,2,0,2,0,0.1482882412263311
197,0,2,1,1,0,0,0.13001131063629667
665,2,2,0,2,1,1,0.1249707359036798
648,2,2,0,0,1,2,0.12362377693015714
657,2,2,0,1,1,2,0.11263256780949693
656,2,2,0,1,1,1,0.1089141308703091
663,2,2,0,2,0,2,0.09902443759874835
666,2,2,0,2,1,2,0.03416738423844046
662,2,2,0,2,0,1,0.02668526501631774
654,2,2,0,1,0,2,0.0229654022617074
337,1,1,0,1,2,0,-0.016235890449416424
445,1,2,1,1,2,0,-0.07642149663345288
429,1,2,0,2,2,2,-0.09948795705034752
411,1,2,0,0,2,2,-0.13340147347796583
194,0,2,1,0,2,0,-0.14607277555536569
420,1,2,0,1,2,2,-0.16206232885159944
87,0,1,0,0,2,0,-0.18004111391203126
709,2,2,2,1,2,0,-0.19398672923154603
579,2,1,0,1,2,0,-0.219511356255516
243,1,0,0,0,0,2,-0.24204969906973228
270,1,0,1,0,0,2,-0.25995985464067006
685,2,2,1,1,2,0,-0.2718812374339743
486,2,0,0,0,0,2,-0.27669897587974845
297,1,0,2,0,0,2,-0.2877980835505711
459,1,2,2,0,0,2,-0.41386996574589885
513,2,0,1,0,0,2,-0.433787698973747
56,0,0,2,0,0,2,-0.46807859600215473
242,1,0,0,0,0,1,-0.5092656912014151
29,0,0,1,0,0,2,-0.5239233349910177
540,2,0,2,0,0,2,-0.5242365546777263
324,1,1,0,0,0,2,-0.5274794743646283
110,0,1,1,0,0,2,-0.5334606609631953
83,0,1,0,0,0,2,-0.5482973180385633
432,1,2,1,0,0,2,-0.601238355728408
269,1,0,1,0,0,1,-0.621274347729329
190,0,2,1,0,0,2,-0.6217050918233975
2,0,0,0,0,0,2,-0.6257325744538764
351,1,1,1,0,0,2,-0.6267814277458701
241,1,0,0,0,0,0,-0.6713728270451629
296,1,0,2,0,0,1,-0.706191398804831
485,2,0,0,0,0,1,-0.7954879569528128
55,0,0,2,0,0,1,-0.8727188198548812
268,1,0,1,0,0,0,-0.9086323273970731
28,0,0,1,0,0,1,-0.9373826025812373
566,2,1,0,0,0,2,-0.951565665447166
1,0,0,0,0,0,1,-0.9565494344480656
593,2,1,1,0,0,2,-0.9664595712169157
137,0,1,2,0,0,2,-0.9715205699544236
512,2,0,1,0,0,1,-0.9840871109262672
295,1,0,2,0,0,0,-1.0201977405281477
672,2,2,1,0,0,2,-1.0564941716150207
539,2,0,2,0,0,1,-1.064249598158037
484,2,0,0,0,0,0,-1.2322981931731576
82,0,1,0,0,0,1,-1.2968445755323685
109,0,1,1,0,0,1,-1.348391076051985
108,0,1,1,0,0,0,-1.35136945708547
54,0,0,2,0,0,0,-1.3628389326265893
511,2,0,1,0,0,0,-1.4139498719979784
189,0,2,1,0,0,1,-1.4471243987206828
323,1,1,0,0,0,1,-1.450562330268446
27,0,0,1,0,0,0,-1.4801425492121916
538,2,0,2,0,0,0,-1.5041816974952509
81,0,1,0,0,0,0,-1.552039196211533
0,0,0,0,0,0,0,-1.5722775800533313
322,1,1,0,0,0,0,-1.6031783464676934
378,1,1,2,0,0,2,-1.6392750943036458
136,0,1,2,0,0,1,-1.695359017716557
135,0,1,2,0,0,0,-1.7245912447059735
350,1,1,1,0,0,1,-1.767304785169026
349,1,1,1,0,0,0,-1.9405790958193654
592,2,1,1,0,0,1,-2.1246669761990495
565,2,1,0,0,0,1,-2.1963114032286675
407,1,2,0,0,1,1,-2.265959043575759
591,2,1,1,0,0,0,-2.3367486499393713
425,1,2,0,2,1,1,-2.3796254027336734
417,1,2,0,1,1,2,-2.4029392838029366
564,2,1,0,0,0,0,-2.410576595508071
377,1,1,2,0,0,1,-2.4295214291908307
416,1,2,0,1,1,1,-2.4756012855173735
408,1,2,0,0,1,2,-2.475768358009692
422,1,2,0,2,0,1,-2.500594723461112
426,1,2,0,2,1,2,-2.5090152515051924
413,1,2,0,1,0,1,-2.5322925491833983
423,1,2,0,2,0,2,-2.5869918259848856
376,1,1,2,0,0,0,-2.6978197434064053
414,1,2,0,1,0,2,-2.725835153856336
161,0,2,0,0,0,0,-2.937309344060025
650,2,2,0,0,2,1,-3.722302829031702
646,2,2,0,0,1,0,-4.210202191129473
668,2,2,0,2,2,1,-5.668359125221469
664,2,2,0,2,1,0,-5.788276986427877
179,0,2,0,2,0,0,-6.655872007420283
163,0,2,0,0,0,2,-7.311200002083114
649,2,2,0,0,2,0,-8.040092006207866
162,0,2,0,0,0,1,-9.081385493549924
182,0,2,0,2,1,0,-9.926987435100477
186,0,2,0,2,2,1,-9.981883760758132
659,2,2,0,1,2,1,-10.438073255481145
170,0,2,0,1,0,0,-10.857094389891268
655,2,2,0,1,1,0,-11.05174564486593
181,0,2,0,2,0,2,-12.01649393929017
171,0,2,0,1,0,1,-13.03408768155749
180,0,2,0,2,0,1,-14.715809944292744
172,0,2,0,1,0,2,-15.744827738489022
165,0,2,0,0,1,1,-16.67930479157369
175,0,2,0,1,1,2,-17.642817254104738
174,0,2,0,1,1,1,-18.90336768517055
184,0,2,0,2,1,2,-18.952593849519488
166,0,2,0,0,1,2,-19.10363814087029
667,2,2,0,2,2,0,-19.11099381837955
183,0,2,0,2,1,1,-19.81347296537495
169,0,2,0,0,2,2,-22.88367249698903
457,1,2,2,0,0,0,-23.240984640058244
428,1,2,0,2,2,1,-23.269113350868356
178,0,2,0,1,2,2,-23.45454113706928
424,1,2,0,2,1,0,-23.541919809678546
187,0,2,0,2,2,2,-23.832894013602917
658,2,2,0,1,2,0,-24.35674851510471
695,2,2,2,0,0,0,-27.16104396717769
661,2,2,0,2,0,0,-28.57317061841097
177,0,2,0,1,2,1,-29.313702708863172
173,0,2,0,1,1,0,-30.186030778418314
419,1,2,0,1,2,1,-33.35534237792087
415,1,2,0,1,1,0,-34.71412935212535
214,0,2,2,0,0,0,-38.79251967900304
410,1,2,0,0,2,1,-42.697678021970354
652,2,2,0,1,0,0,-43.30972193778223
406,1,2,0,0,1,0,-44.39533622802861
188,0,2,1,0,0,0,-44.81440586474598
670,2,2,1,0,0,0,-46.04985844804956
643,2,2,0,0,0,0,-47.992954354123846
430,1,2,1,0,0,0,-48.584697895340675
403,1,2,0,0,0,0,-49.36503954756252
421,1,2,0,2,0,0,-57.39030967596319
458,1,2,2,0,0,1,-61.026442911859476
427,1,2,0,2,2,0,-63.93442969743015
696,2,2,2,0,0,1,-64.75505659780677
409,1,2,0,0,2,0,-68.89076537673458
215,0,2,2,0,0,1,-68.89924599206287
404,1,2,0,0,0,1,-74.48269182945944
405,1,2,0,0,0,2,-75.01980922378871
412,1,2,0,1,0,0,-77.05253064845238
644,2,2,0,0,0,1,-80.02773454620998
671,2,2,1,0,0,1,-80.03261314753578
431,1,2,1,0,0,1,-80.29119824938006
645,2,2,0,0,0,2,-82.1301793224623
418,1,2,0,1,2,0,-99.94197260146005
697,2,2,2,0,0,2,-100.94880568182711
216,0,2,2,0,0,2,-101.38078379298265
185,0,2,0,2,2,0,-279.6070643447097
168,0,2,0,0,2,1,-299.98586281198163
164,0,2,0,0,1,0,-304.2873890090044
176,0,2,0,1,2,0,-770.3166254993438
167,0,2,0,0,2,0,-3590.1007566408302
233,0,2,2,2,0,1,-148534.29155660162
396,1,1,2,2,0,2,-248182.11268976357
118,0,1,1,1,0,1,-384072.39253470814
145,0,1,2,1,0,1,-1961481.8590477877
224,0,2,2,1,0,1,-292795984.08056015
